URL_detail,UserGroupName,Region,Group Leaders,Members,Date
https://community.alteryx.com/t5/Atlanta-GA/gh-p/atlanta,"Atlanta, GA",Americas,4,396,2023-06-04
https://community.alteryx.com/t5/Austin-TX/gh-p/austin-tx,"Austin, TX",Americas,2,209,2023-06-04
https://community.alteryx.com/t5/Boston-MA-New-England/gh-p/boston,"Boston, MA (New England)",Americas,3,307,2023-06-04
https://community.alteryx.com/t5/Charlotte-NC/gh-p/charlotte-greensboro,"Charlotte, NC",Americas,5,230,2023-06-04
https://community.alteryx.com/t5/Columbus-OH/gh-p/columbus-oh,"Columbus, OH",Americas,5,112,2023-06-04
https://community.alteryx.com/t5/Connecticut-CT/gh-p/ct-centralma-ri,"Connecticut, CT",Americas,2,27,2023-06-04
https://community.alteryx.com/t5/Dallas-Ft-Worth-TX/gh-p/dallas-ftworth,"Dallas-Ft. Worth, TX",Americas,2,787,2023-06-04
https://community.alteryx.com/t5/Denver-CO/gh-p/denver,"Denver, CO",Americas,3,426,2023-06-04
https://community.alteryx.com/t5/Detroit-MI/gh-p/greater-michigan,"Detroit, MI",Americas,4,152,2023-06-04
https://community.alteryx.com/t5/Grand-Rapids-MI/gh-p/Grand-Rapids-MI,"Grand Rapids, MI",Americas,2,94,2023-06-04
https://community.alteryx.com/t5/Indianapolis-IN/gh-p/indianapolis-in,"Indianapolis, IN",Americas,3,227,2023-06-04
https://community.alteryx.com/t5/Jacksonville-FL/gh-p/Jacksonville-FL,"Jacksonville, FL",Americas,4,103,2023-06-04
https://community.alteryx.com/t5/Kansas-City-MO/gh-p/kansas,"Kansas City, MO",Americas,2,174,2023-06-04
https://community.alteryx.com/t5/LATAM/gh-p/LATAM,LATAM,Americas,3,70,2023-06-04
https://community.alteryx.com/t5/Milwaukee-WI/gh-p/milwaukee-wi,"Milwaukee, WI",Americas,5,128,2023-06-04
https://community.alteryx.com/t5/Montreal-QC/gh-p/montreal-qc,"Montreal, QC",Americas,2,93,2023-06-04
https://community.alteryx.com/t5/Nashville-TN/gh-p/nashville,"Nashville, TN",Americas,2,45,2023-06-04
https://community.alteryx.com/t5/New-Jersey-NJ/gh-p/newark-nj,"New Jersey, NJ",Americas,2,278,2023-06-04
https://community.alteryx.com/t5/New-York-City-NY/gh-p/nyc-metro,"New York City, NY",Americas,3,530,2023-06-04
https://community.alteryx.com/t5/Orange-County-CA/gh-p/southern-california,"Orange County, CA",Americas,2,308,2023-06-04
https://community.alteryx.com/t5/Phoenix-AZ/gh-p/phoenix,"Phoenix, AZ",Americas,3,144,2023-06-04
https://community.alteryx.com/t5/Research-Triangle-NC/gh-p/raleigh-durham,"Research Triangle, NC",Americas,3,147,2023-06-04
https://community.alteryx.com/t5/Richmond-VA/gh-p/richmond,"Richmond, VA",Americas,2,88,2023-06-04
https://community.alteryx.com/t5/Sao-Paulo-BR-Portugues/gh-p/brazil,"S�o Paulo, BR - Portugu�s",Americas,3,350,2023-06-04
https://community.alteryx.com/t5/St-Louis-MO/gh-p/stlouis-mo,"St. Louis, MO",Americas,2,196,2023-06-04
https://community.alteryx.com/t5/Toronto-ON/gh-p/toronto-on,"Toronto, ON",Americas,2,226,2023-06-04
https://community.alteryx.com/t5/Twin-Cities-MN/gh-p/twin-cities,"Twin Cities, MN",Americas,3,243,2023-06-04
https://community.alteryx.com/t5/Washington-DC/gh-p/washington-dc,"Washington, DC",Americas,2,245,2023-06-04
https://community.alteryx.com/t5/Channel-Islands-UK/gh-p/ChannelIslands-UK,"Channel Islands, UK","Europe, Middle East, Africa",3,68,2023-06-04
https://community.alteryx.com/t5/Coventry-Northampton-UK/gh-p/Northampton-UK,"Coventry-Northampton, UK","Europe, Middle East, Africa",2,98,2023-06-04
https://community.alteryx.com/t5/Dublin-IRL/gh-p/ireland,"Dublin, IRL","Europe, Middle East, Africa",3,191,2023-06-04
https://community.alteryx.com/t5/Germany-Deutsch/gh-p/Munich-DE,Germany - Deutsch,"Europe, Middle East, Africa",4,147,2023-06-04
https://community.alteryx.com/t5/London-UK/gh-p/uk,"London, UK","Europe, Middle East, Africa",3,644,2023-06-04
https://community.alteryx.com/t5/Madrid/gh-p/Madrid,Madrid,"Europe, Middle East, Africa",3,14,2023-06-04
https://community.alteryx.com/t5/North-East-UK/gh-p/NorthEastUK,"North East, UK","Europe, Middle East, Africa",4,68,2023-06-04
https://community.alteryx.com/t5/Paris-FR-Francais/gh-p/paris,"Paris, FR - Fran�ais","Europe, Middle East, Africa",3,221,2023-06-04
https://community.alteryx.com/t5/Poland/gh-p/Poland,Poland,"Europe, Middle East, Africa",6,57,2023-06-04
https://community.alteryx.com/t5/Prague-CZE/gh-p/Prague-CZE,Prague-CZE,"Europe, Middle East, Africa",3,76,2023-06-04
https://community.alteryx.com/t5/The-Netherlands/gh-p/netherlands,The Netherlands,"Europe, Middle East, Africa",3,144,2023-06-04
https://community.alteryx.com/t5/Bengaluru-IN/gh-p/Bangalore-IN,"Bengaluru, IN",Asia-Pacific,4,1492,2023-06-04
https://community.alteryx.com/t5/Brisbane-Australia/gh-p/Brisbane-AUS,"Brisbane, Australia",Asia-Pacific,1,89,2023-06-04
https://community.alteryx.com/t5/Hong-Kong-CN/gh-p/hongkong,"Hong Kong, CN",Asia-Pacific,2,101,2023-06-04
https://community.alteryx.com/t5/Melbourne-Australia/gh-p/melbourne,"Melbourne, Australia",Asia-Pacific,3,144,2023-06-04
https://community.alteryx.com/t5/Mumbai-IN/gh-p/Mumbai-IN,"Mumbai, IN",Asia-Pacific,2,398,2023-06-04
https://community.alteryx.com/t5/New-Zealand/gh-p/auckland-nz,New Zealand,Asia-Pacific,4,90,2023-06-04
https://community.alteryx.com/t5/Singapore/gh-p/Singapore,Singapore,Asia-Pacific,3,277,2023-06-04
https://community.alteryx.com/t5/Sydney-Australia/gh-p/sydney-aus,"Sydney, Australia",Asia-Pacific,2,278,2023-06-04
https://community.alteryx.com/t5/Tokyo-Japan-%E6%97%A5%E6%9C%AC%E8%AA%9E/gh-p/Tokyo-Japan,"Tokyo, Japan - ???",Asia-Pacific,2,123,2023-06-04
https://community.alteryx.com/t5/Atlanta-GA/gh-p/atlanta,"Atlanta, GA",Americas,4,404,2023-06-17
https://community.alteryx.com/t5/Austin-TX/gh-p/austin-tx,"Austin, TX",Americas,2,213,2023-06-17
https://community.alteryx.com/t5/Boston-MA-New-England/gh-p/boston,"Boston, MA (New England)",Americas,3,311,2023-06-17
https://community.alteryx.com/t5/Charlotte-NC/gh-p/charlotte-greensboro,"Charlotte, NC",Americas,4,232,2023-06-17
https://community.alteryx.com/t5/Columbus-OH/gh-p/columbus-oh,"Columbus, OH",Americas,5,113,2023-06-17
https://community.alteryx.com/t5/Connecticut-CT/gh-p/ct-centralma-ri,"Connecticut, CT",Americas,2,28,2023-06-17
https://community.alteryx.com/t5/Dallas-Ft-Worth-TX/gh-p/dallas-ftworth,"Dallas-Ft. Worth, TX",Americas,2,791,2023-06-17
https://community.alteryx.com/t5/Denver-CO/gh-p/denver,"Denver, CO",Americas,3,432,2023-06-17
https://community.alteryx.com/t5/Detroit-MI/gh-p/greater-michigan,"Detroit, MI",Americas,3,153,2023-06-17
https://community.alteryx.com/t5/Grand-Rapids-MI/gh-p/Grand-Rapids-MI,"Grand Rapids, MI",Americas,2,97,2023-06-17
https://community.alteryx.com/t5/Indianapolis-IN/gh-p/indianapolis-in,"Indianapolis, IN",Americas,3,232,2023-06-17
https://community.alteryx.com/t5/Jacksonville-FL/gh-p/Jacksonville-FL,"Jacksonville, FL",Americas,4,106,2023-06-17
https://community.alteryx.com/t5/Kansas-City-MO/gh-p/kansas,"Kansas City, MO",Americas,2,176,2023-06-17
https://community.alteryx.com/t5/LATAM/gh-p/LATAM,LATAM,Americas,3,70,2023-06-17
https://community.alteryx.com/t5/Milwaukee-WI/gh-p/milwaukee-wi,"Milwaukee, WI",Americas,5,133,2023-06-17
https://community.alteryx.com/t5/Montreal-QC/gh-p/montreal-qc,"Montreal, QC",Americas,2,94,2023-06-17
https://community.alteryx.com/t5/Nashville-TN/gh-p/nashville,"Nashville, TN",Americas,2,56,2023-06-17
https://community.alteryx.com/t5/New-Jersey-NJ/gh-p/newark-nj,"New Jersey, NJ",Americas,2,280,2023-06-17
https://community.alteryx.com/t5/New-York-City-NY/gh-p/nyc-metro,"New York City, NY",Americas,3,533,2023-06-17
https://community.alteryx.com/t5/Orange-County-CA/gh-p/southern-california,"Orange County, CA",Americas,2,310,2023-06-17
https://community.alteryx.com/t5/Phoenix-AZ/gh-p/phoenix,"Phoenix, AZ",Americas,4,155,2023-06-17
https://community.alteryx.com/t5/Research-Triangle-NC/gh-p/raleigh-durham,"Research Triangle, NC",Americas,3,150,2023-06-17
https://community.alteryx.com/t5/Richmond-VA/gh-p/richmond,"Richmond, VA",Americas,2,89,2023-06-17
https://community.alteryx.com/t5/Sao-Paulo-BR-Portugues/gh-p/brazil,"S�o Paulo, BR - Portugu�s",Americas,3,352,2023-06-17
https://community.alteryx.com/t5/St-Louis-MO/gh-p/stlouis-mo,"St. Louis, MO",Americas,2,198,2023-06-17
https://community.alteryx.com/t5/Toronto-ON/gh-p/toronto-on,"Toronto, ON",Americas,2,229,2023-06-17
https://community.alteryx.com/t5/Twin-Cities-MN/gh-p/twin-cities,"Twin Cities, MN",Americas,3,245,2023-06-17
https://community.alteryx.com/t5/Washington-DC/gh-p/washington-dc,"Washington, DC",Americas,2,251,2023-06-17
https://community.alteryx.com/t5/Channel-Islands-UK/gh-p/ChannelIslands-UK,"Channel Islands, UK","Europe, Middle East, Africa",3,69,2023-06-17
https://community.alteryx.com/t5/Coventry-Northampton-UK/gh-p/Northampton-UK,"Coventry-Northampton, UK","Europe, Middle East, Africa",2,99,2023-06-17
https://community.alteryx.com/t5/Dublin-IRL/gh-p/ireland,"Dublin, IRL","Europe, Middle East, Africa",3,194,2023-06-17
https://community.alteryx.com/t5/Germany-Deutsch/gh-p/Munich-DE,Germany - Deutsch,"Europe, Middle East, Africa",4,147,2023-06-17
https://community.alteryx.com/t5/London-UK/gh-p/uk,"London, UK","Europe, Middle East, Africa",3,650,2023-06-17
https://community.alteryx.com/t5/Madrid/gh-p/Madrid,Madrid,"Europe, Middle East, Africa",3,14,2023-06-17
https://community.alteryx.com/t5/North-East-UK/gh-p/NorthEastUK,"North East, UK","Europe, Middle East, Africa",4,72,2023-06-17
https://community.alteryx.com/t5/Paris-FR-Francais/gh-p/paris,"Paris, FR - Fran�ais","Europe, Middle East, Africa",3,222,2023-06-17
https://community.alteryx.com/t5/Poland/gh-p/Poland,Poland,"Europe, Middle East, Africa",6,58,2023-06-17
https://community.alteryx.com/t5/The-Netherlands/gh-p/netherlands,The Netherlands,"Europe, Middle East, Africa",3,149,2023-06-17
https://community.alteryx.com/t5/Bengaluru-IN/gh-p/Bangalore-IN,"Bengaluru, IN",Asia-Pacific,4,1495,2023-06-17
https://community.alteryx.com/t5/Brisbane-Australia/gh-p/Brisbane-AUS,"Brisbane, Australia",Asia-Pacific,1,91,2023-06-17
https://community.alteryx.com/t5/Hong-Kong-CN/gh-p/hongkong,"Hong Kong, CN",Asia-Pacific,2,102,2023-06-17
https://community.alteryx.com/t5/Melbourne-Australia/gh-p/melbourne,"Melbourne, Australia",Asia-Pacific,3,145,2023-06-17
https://community.alteryx.com/t5/Prague-CZE/gh-p/Prague-CZE,Prague-CZE,"Europe, Middle East, Africa",3,76,2023-06-17
https://community.alteryx.com/t5/Mumbai-IN/gh-p/Mumbai-IN,"Mumbai, IN",Asia-Pacific,2,398,2023-06-17
https://community.alteryx.com/t5/New-Zealand/gh-p/auckland-nz,New Zealand,Asia-Pacific,4,91,2023-06-17
https://community.alteryx.com/t5/Singapore/gh-p/Singapore,Singapore,Asia-Pacific,3,277,2023-06-17
https://community.alteryx.com/t5/Sydney-Australia/gh-p/sydney-aus,"Sydney, Australia",Asia-Pacific,2,281,2023-06-17
https://community.alteryx.com/t5/Tokyo-Japan-%E6%97%A5%E6%9C%AC%E8%AA%9E/gh-p/Tokyo-Japan,"Tokyo, Japan - ???",Asia-Pacific,3,126,2023-06-17
https://community.alteryx.com/t5/Atlanta-GA/gh-p/atlanta,"Atlanta, GA",Americas,4,405,2023-06-24
https://community.alteryx.com/t5/Austin-TX/gh-p/austin-tx,"Austin, TX",Americas,2,215,2023-06-24
https://community.alteryx.com/t5/Boston-MA-New-England/gh-p/boston,"Boston, MA (New England)",Americas,3,312,2023-06-24
https://community.alteryx.com/t5/Charlotte-NC/gh-p/charlotte-greensboro,"Charlotte, NC",Americas,4,232,2023-06-24
https://community.alteryx.com/t5/Columbus-OH/gh-p/columbus-oh,"Columbus, OH",Americas,5,114,2023-06-24
https://community.alteryx.com/t5/Connecticut-CT/gh-p/ct-centralma-ri,"Connecticut, CT",Americas,2,29,2023-06-24
https://community.alteryx.com/t5/Dallas-Ft-Worth-TX/gh-p/dallas-ftworth,"Dallas-Ft. Worth, TX",Americas,2,794,2023-06-24
https://community.alteryx.com/t5/Denver-CO/gh-p/denver,"Denver, CO",Americas,3,433,2023-06-24
https://community.alteryx.com/t5/Detroit-MI/gh-p/greater-michigan,"Detroit, MI",Americas,3,154,2023-06-24
https://community.alteryx.com/t5/Grand-Rapids-MI/gh-p/Grand-Rapids-MI,"Grand Rapids, MI",Americas,2,98,2023-06-24
https://community.alteryx.com/t5/Indianapolis-IN/gh-p/indianapolis-in,"Indianapolis, IN",Americas,3,233,2023-06-24
https://community.alteryx.com/t5/Jacksonville-FL/gh-p/Jacksonville-FL,"Jacksonville, FL",Americas,4,107,2023-06-24
https://community.alteryx.com/t5/Kansas-City-MO/gh-p/kansas,"Kansas City, MO",Americas,2,177,2023-06-24
https://community.alteryx.com/t5/LATAM/gh-p/LATAM,LATAM,Americas,3,71,2023-06-24
https://community.alteryx.com/t5/Milwaukee-WI/gh-p/milwaukee-wi,"Milwaukee, WI",Americas,5,135,2023-06-24
https://community.alteryx.com/t5/Montreal-QC/gh-p/montreal-qc,"Montreal, QC",Americas,2,94,2023-06-24
https://community.alteryx.com/t5/Nashville-TN/gh-p/nashville,"Nashville, TN",Americas,2,57,2023-06-24
https://community.alteryx.com/t5/New-Jersey-NJ/gh-p/newark-nj,"New Jersey, NJ",Americas,2,283,2023-06-24
https://community.alteryx.com/t5/New-York-City-NY/gh-p/nyc-metro,"New York City, NY",Americas,3,537,2023-06-24
https://community.alteryx.com/t5/Orange-County-CA/gh-p/southern-california,"Orange County, CA",Americas,2,317,2023-06-24
https://community.alteryx.com/t5/Phoenix-AZ/gh-p/phoenix,"Phoenix, AZ",Americas,4,156,2023-06-24
https://community.alteryx.com/t5/Research-Triangle-NC/gh-p/raleigh-durham,"Research Triangle, NC",Americas,3,151,2023-06-24
https://community.alteryx.com/t5/Richmond-VA/gh-p/richmond,"Richmond, VA",Americas,2,91,2023-06-24
https://community.alteryx.com/t5/Sao-Paulo-BR-Portugues/gh-p/brazil,"S�o Paulo, BR - Portugu�s",Americas,3,353,2023-06-24
https://community.alteryx.com/t5/St-Louis-MO/gh-p/stlouis-mo,"St. Louis, MO",Americas,2,199,2023-06-24
https://community.alteryx.com/t5/Toronto-ON/gh-p/toronto-on,"Toronto, ON",Americas,2,231,2023-06-24
https://community.alteryx.com/t5/Twin-Cities-MN/gh-p/twin-cities,"Twin Cities, MN",Americas,3,246,2023-06-24
https://community.alteryx.com/t5/Washington-DC/gh-p/washington-dc,"Washington, DC",Americas,2,254,2023-06-24
https://community.alteryx.com/t5/Channel-Islands-UK/gh-p/ChannelIslands-UK,"Channel Islands, UK","Europe, Middle East, Africa",3,69,2023-06-24
https://community.alteryx.com/t5/Coventry-Northampton-UK/gh-p/Northampton-UK,"Coventry-Northampton, UK","Europe, Middle East, Africa",2,99,2023-06-24
https://community.alteryx.com/t5/Dublin-IRL/gh-p/ireland,"Dublin, IRL","Europe, Middle East, Africa",3,195,2023-06-24
https://community.alteryx.com/t5/Germany-Deutsch/gh-p/Munich-DE,Germany - Deutsch,"Europe, Middle East, Africa",4,148,2023-06-24
https://community.alteryx.com/t5/London-UK/gh-p/uk,"London, UK","Europe, Middle East, Africa",3,650,2023-06-24
https://community.alteryx.com/t5/Madrid/gh-p/Madrid,Madrid,"Europe, Middle East, Africa",3,14,2023-06-24
https://community.alteryx.com/t5/North-East-UK/gh-p/NorthEastUK,"North East, UK","Europe, Middle East, Africa",4,72,2023-06-24
https://community.alteryx.com/t5/Paris-FR-Francais/gh-p/paris,"Paris, FR - Fran�ais","Europe, Middle East, Africa",3,223,2023-06-24
https://community.alteryx.com/t5/Poland/gh-p/Poland,Poland,"Europe, Middle East, Africa",6,58,2023-06-24
https://community.alteryx.com/t5/Prague-CZE/gh-p/Prague-CZE,Prague-CZE,"Europe, Middle East, Africa",3,76,2023-06-24
https://community.alteryx.com/t5/The-Netherlands/gh-p/netherlands,The Netherlands,"Europe, Middle East, Africa",4,151,2023-06-24
https://community.alteryx.com/t5/Bengaluru-IN/gh-p/Bangalore-IN,"Bengaluru, IN",Asia-Pacific,4,1497,2023-06-24
https://community.alteryx.com/t5/Brisbane-Australia/gh-p/Brisbane-AUS,"Brisbane, Australia",Asia-Pacific,1,91,2023-06-24
https://community.alteryx.com/t5/Hong-Kong-CN/gh-p/hongkong,"Hong Kong, CN",Asia-Pacific,2,102,2023-06-24
https://community.alteryx.com/t5/Melbourne-Australia/gh-p/melbourne,"Melbourne, Australia",Asia-Pacific,3,146,2023-06-24
https://community.alteryx.com/t5/Mumbai-IN/gh-p/Mumbai-IN,"Mumbai, IN",Asia-Pacific,2,399,2023-06-24
https://community.alteryx.com/t5/New-Zealand/gh-p/auckland-nz,New Zealand,Asia-Pacific,4,92,2023-06-24
https://community.alteryx.com/t5/Singapore/gh-p/Singapore,Singapore,Asia-Pacific,3,277,2023-06-24
https://community.alteryx.com/t5/Sydney-Australia/gh-p/sydney-aus,"Sydney, Australia",Asia-Pacific,2,281,2023-06-24
https://community.alteryx.com/t5/Tokyo-Japan-%E6%97%A5%E6%9C%AC%E8%AA%9E/gh-p/Tokyo-Japan,"Tokyo, Japan - ???",Asia-Pacific,3,134,2023-06-24
https://community.alteryx.com/t5/Atlanta-GA/gh-p/atlanta,"Atlanta, GA",Americas,4,418,2023-09-17
https://community.alteryx.com/t5/Boston-MA-New-England/gh-p/boston,"Boston, MA (New England)",Americas,3,323,2023-09-17
https://community.alteryx.com/t5/Austin-TX/gh-p/austin-tx,"Austin, TX",Americas,3,221,2023-09-17
https://community.alteryx.com/t5/Columbus-OH/gh-p/columbus-oh,"Columbus, OH",Americas,5,119,2023-09-17
https://community.alteryx.com/t5/Charlotte-NC/gh-p/charlotte-greensboro,"Charlotte, NC",Americas,5,243,2023-09-17
https://community.alteryx.com/t5/Connecticut-CT/gh-p/ct-centralma-ri,"Connecticut, CT",Americas,2,34,2023-09-17
https://community.alteryx.com/t5/Dallas-Ft-Worth-TX/gh-p/dallas-ftworth,"Dallas-Ft. Worth, TX",Americas,2,811,2023-09-17
https://community.alteryx.com/t5/Denver-CO/gh-p/denver,"Denver, CO",Americas,3,441,2023-09-17
https://community.alteryx.com/t5/Detroit-MI/gh-p/greater-michigan,"Detroit, MI",Americas,3,157,2023-09-17
https://community.alteryx.com/t5/Grand-Rapids-MI/gh-p/Grand-Rapids-MI,"Grand Rapids, MI",Americas,2,103,2023-09-17
https://community.alteryx.com/t5/Houston-TX/gh-p/Houston-TX,"Houston, TX",Americas,5,181,2023-09-17
https://community.alteryx.com/t5/Indianapolis-IN/gh-p/indianapolis-in,"Indianapolis, IN",Americas,3,244,2023-09-17
https://community.alteryx.com/t5/Jacksonville-FL/gh-p/Jacksonville-FL,"Jacksonville, FL",Americas,4,112,2023-09-17
https://community.alteryx.com/t5/Kansas-City-MO/gh-p/kansas,"Kansas City, MO",Americas,2,183,2023-09-17
https://community.alteryx.com/t5/LATAM/gh-p/LATAM,LATAM,Americas,3,79,2023-09-17
https://community.alteryx.com/t5/Milwaukee-WI/gh-p/milwaukee-wi,"Milwaukee, WI",Americas,5,143,2023-09-17
https://community.alteryx.com/t5/Nashville-TN/gh-p/nashville,"Nashville, TN",Americas,2,61,2023-09-17
https://community.alteryx.com/t5/New-Jersey-NJ/gh-p/newark-nj,"New Jersey, NJ",Americas,1,295,2023-09-17
https://community.alteryx.com/t5/New-York-City-NY/gh-p/nyc-metro,"New York City, NY",Americas,4,561,2023-09-17
https://community.alteryx.com/t5/Orange-County-CA/gh-p/southern-california,"Orange County, CA",Americas,2,333,2023-09-17
https://community.alteryx.com/t5/Phoenix-AZ/gh-p/phoenix,"Phoenix, AZ",Americas,4,158,2023-09-17
https://community.alteryx.com/t5/Research-Triangle-NC/gh-p/raleigh-durham,"Research Triangle, NC",Americas,3,157,2023-09-17
https://community.alteryx.com/t5/Richmond-VA/gh-p/richmond,"Richmond, VA",Americas,2,93,2023-09-17
https://community.alteryx.com/t5/San-Francisco-Bay-Area-CA/gh-p/sanfrancisco-bay-area,"San Francisco Bay Area, CA",Americas,2,168,2023-09-17
https://community.alteryx.com/t5/Sao-Paulo-BR-Portugues/gh-p/brazil,"S�o Paulo, BR - Portugu�s",Americas,3,364,2023-09-17
https://community.alteryx.com/t5/Toronto-ON/gh-p/toronto-on,"Toronto, ON",Americas,2,241,2023-09-17
https://community.alteryx.com/t5/Twin-Cities-MN/gh-p/twin-cities,"Twin Cities, MN",Americas,2,251,2023-09-17
https://community.alteryx.com/t5/Washington-DC/gh-p/washington-dc,"Washington, DC",Americas,2,255,2023-09-17
https://community.alteryx.com/t5/Channel-Islands-UK/gh-p/ChannelIslands-UK,"Channel Islands, UK","Europe, Middle East, Africa",3,72,2023-09-17
https://community.alteryx.com/t5/Coventry-Northampton-UK/gh-p/Northampton-UK,"Coventry-Northampton, UK","Europe, Middle East, Africa",2,104,2023-09-17
https://community.alteryx.com/t5/Dublin-IRL/gh-p/ireland,"Dublin, IRL","Europe, Middle East, Africa",3,202,2023-09-17
https://community.alteryx.com/t5/Germany-Deutsch/gh-p/Munich-DE,Germany - Deutsch,"Europe, Middle East, Africa",2,152,2023-09-17
https://community.alteryx.com/t5/London-UK/gh-p/uk,"London, UK","Europe, Middle East, Africa",3,665,2023-09-17
https://community.alteryx.com/t5/Madrid/gh-p/Madrid,Madrid,"Europe, Middle East, Africa",3,18,2023-09-17
https://community.alteryx.com/t5/North-East-UK/gh-p/NorthEastUK,"North East, UK","Europe, Middle East, Africa",4,76,2023-09-17
https://community.alteryx.com/t5/North-West-UK/gh-p/Noth-West-UK,"North West, UK","Europe, Middle East, Africa",2,20,2023-09-17
https://community.alteryx.com/t5/Paris-FR-Francais/gh-p/paris,"Paris, FR - Fran�ais","Europe, Middle East, Africa",3,227,2023-09-17
https://community.alteryx.com/t5/Poland/gh-p/Poland,Poland,"Europe, Middle East, Africa",5,63,2023-09-17
https://community.alteryx.com/t5/Prague-CZE/gh-p/Prague-CZE,Prague-CZE,"Europe, Middle East, Africa",3,77,2023-09-17
https://community.alteryx.com/t5/The-Netherlands/gh-p/netherlands,The Netherlands,"Europe, Middle East, Africa",4,160,2023-09-17
https://community.alteryx.com/t5/Bengaluru-IN/gh-p/Bangalore-IN,"Bengaluru, IN",Asia-Pacific,4,1517,2023-09-17
https://community.alteryx.com/t5/Brisbane-Australia/gh-p/Brisbane-AUS,"Brisbane, Australia",Asia-Pacific,1,94,2023-09-17
https://community.alteryx.com/t5/Hong-Kong-CN/gh-p/hongkong,"Hong Kong, CN",Asia-Pacific,2,106,2023-09-17
https://community.alteryx.com/t5/Melbourne-Australia/gh-p/melbourne,"Melbourne, Australia",Asia-Pacific,1,150,2023-09-17
https://community.alteryx.com/t5/Mumbai-IN/gh-p/Mumbai-IN,"Mumbai, IN",Asia-Pacific,2,404,2023-09-17
https://community.alteryx.com/t5/New-Zealand/gh-p/auckland-nz,New Zealand,Asia-Pacific,4,93,2023-09-17
https://community.alteryx.com/t5/Singapore/gh-p/Singapore,Singapore,Asia-Pacific,3,282,2023-09-17
https://community.alteryx.com/t5/Sydney-Australia/gh-p/sydney-aus,"Sydney, Australia",Asia-Pacific,2,320,2023-09-17
https://community.alteryx.com/t5/Tokyo-Japan-%E6%97%A5%E6%9C%AC%E8%AA%9E/gh-p/Tokyo-Japan,"Tokyo, Japan - ???",Asia-Pacific,3,146,2023-09-17
https://community.alteryx.com/t5/Atlanta-GA/gh-p/atlanta,"Atlanta, GA",Americas,4,424,2023-10-11
https://community.alteryx.com/t5/Austin-TX/gh-p/austin-tx,"Austin, TX",Americas,3,222,2023-10-11
https://community.alteryx.com/t5/Boston-MA-New-England/gh-p/boston,"Boston, MA (New England)",Americas,3,326,2023-10-11
https://community.alteryx.com/t5/Charlotte-NC/gh-p/charlotte-greensboro,"Charlotte, NC",Americas,5,247,2023-10-11
https://community.alteryx.com/t5/Columbus-OH/gh-p/columbus-oh,"Columbus, OH",Americas,5,120,2023-10-11
https://community.alteryx.com/t5/Connecticut-CT/gh-p/ct-centralma-ri,"Connecticut, CT",Americas,2,36,2023-10-11
https://community.alteryx.com/t5/Dallas-Ft-Worth-TX/gh-p/dallas-ftworth,"Dallas-Ft. Worth, TX",Americas,2,816,2023-10-11
https://community.alteryx.com/t5/Denver-CO/gh-p/denver,"Denver, CO",Americas,3,444,2023-10-11
https://community.alteryx.com/t5/Detroit-MI/gh-p/greater-michigan,"Detroit, MI",Americas,3,158,2023-10-11
https://community.alteryx.com/t5/Grand-Rapids-MI/gh-p/Grand-Rapids-MI,"Grand Rapids, MI",Americas,2,105,2023-10-11
https://community.alteryx.com/t5/Houston-TX/gh-p/Houston-TX,"Houston, TX",Americas,5,185,2023-10-11
https://community.alteryx.com/t5/Indianapolis-IN/gh-p/indianapolis-in,"Indianapolis, IN",Americas,3,247,2023-10-11
https://community.alteryx.com/t5/Jacksonville-FL/gh-p/Jacksonville-FL,"Jacksonville, FL",Americas,4,113,2023-10-11
https://community.alteryx.com/t5/Kansas-City-MO/gh-p/kansas,"Kansas City, MO",Americas,2,184,2023-10-11
https://community.alteryx.com/t5/LATAM/gh-p/LATAM,LATAM,Americas,3,83,2023-10-11
https://community.alteryx.com/t5/Milwaukee-WI/gh-p/milwaukee-wi,"Milwaukee, WI",Americas,5,144,2023-10-11
https://community.alteryx.com/t5/Nashville-TN/gh-p/nashville,"Nashville, TN",Americas,1,62,2023-10-11
https://community.alteryx.com/t5/New-Jersey-NJ/gh-p/newark-nj,"New Jersey, NJ",Americas,1,299,2023-10-11
https://community.alteryx.com/t5/New-York-City-NY/gh-p/nyc-metro,"New York City, NY",Americas,4,567,2023-10-11
https://community.alteryx.com/t5/Orange-County-CA/gh-p/southern-california,"Orange County, CA",Americas,2,336,2023-10-11
https://community.alteryx.com/t5/Phoenix-AZ/gh-p/phoenix,"Phoenix, AZ",Americas,4,160,2023-10-11
https://community.alteryx.com/t5/Research-Triangle-NC/gh-p/raleigh-durham,"Research Triangle, NC",Americas,3,157,2023-10-11
https://community.alteryx.com/t5/Richmond-VA/gh-p/richmond,"Richmond, VA",Americas,2,93,2023-10-11
https://community.alteryx.com/t5/San-Francisco-Bay-Area-CA/gh-p/sanfrancisco-bay-area,"San Francisco Bay Area, CA",Americas,3,172,2023-10-11
https://community.alteryx.com/t5/Sao-Paulo-BR-Portugues/gh-p/brazil,"S�o Paulo, BR - Portugu�s",Americas,3,365,2023-10-11
https://community.alteryx.com/t5/Toronto-ON/gh-p/toronto-on,"Toronto, ON",Americas,2,244,2023-10-11
https://community.alteryx.com/t5/Twin-Cities-MN/gh-p/twin-cities,"Twin Cities, MN",Americas,2,252,2023-10-11
https://community.alteryx.com/t5/Washington-DC/gh-p/washington-dc,"Washington, DC",Americas,2,255,2023-10-11
https://community.alteryx.com/t5/Channel-Islands-UK/gh-p/ChannelIslands-UK,"Channel Islands, UK","Europe, Middle East, Africa",3,72,2023-10-11
https://community.alteryx.com/t5/Coventry-Northampton-UK/gh-p/Northampton-UK,"Coventry-Northampton, UK","Europe, Middle East, Africa",2,105,2023-10-11
https://community.alteryx.com/t5/Dublin-IRL/gh-p/ireland,"Dublin, IRL","Europe, Middle East, Africa",3,202,2023-10-11
https://community.alteryx.com/t5/Germany-Deutsch/gh-p/Munich-DE,Germany - Deutsch,"Europe, Middle East, Africa",2,153,2023-10-11
https://community.alteryx.com/t5/London-UK/gh-p/uk,"London, UK","Europe, Middle East, Africa",3,671,2023-10-11
https://community.alteryx.com/t5/Madrid/gh-p/Madrid,Madrid,"Europe, Middle East, Africa",3,18,2023-10-11
https://community.alteryx.com/t5/North-East-UK/gh-p/NorthEastUK,"North East, UK","Europe, Middle East, Africa",4,78,2023-10-11
https://community.alteryx.com/t5/North-West-UK/gh-p/Noth-West-UK,"North West, UK","Europe, Middle East, Africa",2,23,2023-10-11
https://community.alteryx.com/t5/Paris-FR-Francais/gh-p/paris,"Paris, FR - Fran�ais","Europe, Middle East, Africa",3,228,2023-10-11
https://community.alteryx.com/t5/Poland/gh-p/Poland,Poland,"Europe, Middle East, Africa",4,63,2023-10-11
https://community.alteryx.com/t5/Prague-CZE/gh-p/Prague-CZE,Prague-CZE,"Europe, Middle East, Africa",3,77,2023-10-11
https://community.alteryx.com/t5/The-Netherlands/gh-p/netherlands,The Netherlands,"Europe, Middle East, Africa",4,161,2023-10-11
https://community.alteryx.com/t5/Bengaluru-IN/gh-p/Bangalore-IN,"Bengaluru, IN",Asia-Pacific,3,1523,2023-10-11
https://community.alteryx.com/t5/Brisbane-Australia/gh-p/Brisbane-AUS,"Brisbane, Australia",Asia-Pacific,1,94,2023-10-11
https://community.alteryx.com/t5/Hong-Kong-CN/gh-p/hongkong,"Hong Kong, CN",Asia-Pacific,2,106,2023-10-11
https://community.alteryx.com/t5/Melbourne-Australia/gh-p/melbourne,"Melbourne, Australia",Asia-Pacific,1,150,2023-10-11
https://community.alteryx.com/t5/Mumbai-IN/gh-p/Mumbai-IN,"Mumbai, IN",Asia-Pacific,3,407,2023-10-11
https://community.alteryx.com/t5/New-Zealand/gh-p/auckland-nz,New Zealand,Asia-Pacific,4,95,2023-10-11
https://community.alteryx.com/t5/Singapore/gh-p/Singapore,Singapore,Asia-Pacific,3,282,2023-10-11
https://community.alteryx.com/t5/Sydney-Australia/gh-p/sydney-aus,"Sydney, Australia",Asia-Pacific,2,321,2023-10-11
https://community.alteryx.com/t5/Tokyo-Japan-%E6%97%A5%E6%9C%AC%E8%AA%9E/gh-p/Tokyo-Japan,"Tokyo, Japan - ???",Asia-Pacific,3,148,2023-10-11
https://community.alteryx.com/t5/Atlanta-GA/gh-p/atlanta,"Atlanta, GA",Americas,4,424,2023-10-25
https://community.alteryx.com/t5/Austin-TX/gh-p/austin-tx,"Austin, TX",Americas,3,223,2023-10-25
https://community.alteryx.com/t5/Boston-MA-New-England/gh-p/boston,"Boston, MA (New England)",Americas,3,326,2023-10-25
https://community.alteryx.com/t5/Charlotte-NC/gh-p/charlotte-greensboro,"Charlotte, NC",Americas,5,248,2023-10-25
https://community.alteryx.com/t5/Connecticut-CT/gh-p/ct-centralma-ri,"Connecticut, CT",Americas,2,37,2023-10-25
https://community.alteryx.com/t5/Dallas-Ft-Worth-TX/gh-p/dallas-ftworth,"Dallas-Ft. Worth, TX",Americas,2,820,2023-10-25
https://community.alteryx.com/t5/Denver-CO/gh-p/denver,"Denver, CO",Americas,3,444,2023-10-25
https://community.alteryx.com/t5/Grand-Rapids-MI/gh-p/Grand-Rapids-MI,"Grand Rapids, MI",Americas,2,105,2023-10-25
https://community.alteryx.com/t5/Houston-TX/gh-p/Houston-TX,"Houston, TX",Americas,5,186,2023-10-25
https://community.alteryx.com/t5/Indianapolis-IN/gh-p/indianapolis-in,"Indianapolis, IN",Americas,3,246,2023-10-25
https://community.alteryx.com/t5/Jacksonville-FL/gh-p/Jacksonville-FL,"Jacksonville, FL",Americas,2,113,2023-10-25
https://community.alteryx.com/t5/Kansas-City-MO/gh-p/kansas,"Kansas City, MO",Americas,2,184,2023-10-25
https://community.alteryx.com/t5/LATAM/gh-p/LATAM,LATAM,Americas,3,84,2023-10-25
https://community.alteryx.com/t5/Milwaukee-WI/gh-p/milwaukee-wi,"Milwaukee, WI",Americas,5,146,2023-10-25
https://community.alteryx.com/t5/Nashville-TN/gh-p/nashville,"Nashville, TN",Americas,1,62,2023-10-25
https://community.alteryx.com/t5/New-Jersey-NJ/gh-p/newark-nj,"New Jersey, NJ",Americas,1,301,2023-10-25
https://community.alteryx.com/t5/New-York-City-NY/gh-p/nyc-metro,"New York City, NY",Americas,4,568,2023-10-25
https://community.alteryx.com/t5/Orange-County-CA/gh-p/southern-california,"Orange County, CA",Americas,2,342,2023-10-25
https://community.alteryx.com/t5/Phoenix-AZ/gh-p/phoenix,"Phoenix, AZ",Americas,4,164,2023-10-25
https://community.alteryx.com/t5/Research-Triangle-NC/gh-p/raleigh-durham,"Research Triangle, NC",Americas,3,157,2023-10-25
https://community.alteryx.com/t5/Richmond-VA/gh-p/richmond,"Richmond, VA",Americas,2,94,2023-10-25
https://community.alteryx.com/t5/San-Francisco-Bay-Area-CA/gh-p/sanfrancisco-bay-area,"San Francisco Bay Area, CA",Americas,3,172,2023-10-25
https://community.alteryx.com/t5/Sao-Paulo-BR-Portugues/gh-p/brazil,"S�o Paulo, BR - Portugu�s",Americas,3,366,2023-10-25
https://community.alteryx.com/t5/Toronto-ON/gh-p/toronto-on,"Toronto, ON",Americas,2,248,2023-10-25
https://community.alteryx.com/t5/Twin-Cities-MN/gh-p/twin-cities,"Twin Cities, MN",Americas,2,252,2023-10-25
https://community.alteryx.com/t5/Washington-DC/gh-p/washington-dc,"Washington, DC",Americas,2,256,2023-10-25
https://community.alteryx.com/t5/Coventry-Northampton-UK/gh-p/Northampton-UK,"Coventry-Northampton, UK","Europe, Middle East, Africa",2,106,2023-10-25
https://community.alteryx.com/t5/DACH-Germany/gh-p/Munich-DE,DACH - Germany,"Europe, Middle East, Africa",2,154,2023-10-25
https://community.alteryx.com/t5/Dublin-IRL/gh-p/ireland,"Dublin, IRL","Europe, Middle East, Africa",2,202,2023-10-25
https://community.alteryx.com/t5/London-UK/gh-p/uk,"London, UK","Europe, Middle East, Africa",3,677,2023-10-25
https://community.alteryx.com/t5/Madrid/gh-p/Madrid,Madrid,"Europe, Middle East, Africa",3,18,2023-10-25
https://community.alteryx.com/t5/North-East-UK/gh-p/NorthEastUK,"North East, UK","Europe, Middle East, Africa",4,79,2023-10-25
https://community.alteryx.com/t5/North-West-UK/gh-p/Noth-West-UK,"North West, UK","Europe, Middle East, Africa",2,23,2023-10-25
https://community.alteryx.com/t5/Paris-FR-Francais/gh-p/paris,"Paris, FR - Fran�ais","Europe, Middle East, Africa",3,229,2023-10-25
https://community.alteryx.com/t5/Poland/gh-p/Poland,Poland,"Europe, Middle East, Africa",4,64,2023-10-25
https://community.alteryx.com/t5/Prague-CZE/gh-p/Prague-CZE,Prague-CZE,"Europe, Middle East, Africa",2,77,2023-10-25
https://community.alteryx.com/t5/The-Netherlands/gh-p/netherlands,The Netherlands,"Europe, Middle East, Africa",5,163,2023-10-25
https://community.alteryx.com/t5/Bengaluru-IN/gh-p/Bangalore-IN,"Bengaluru, IN",Asia-Pacific,3,1525,2023-10-25
https://community.alteryx.com/t5/Mumbai-IN/gh-p/Mumbai-IN,"Mumbai, IN",Asia-Pacific,3,407,2023-10-25
https://community.alteryx.com/t5/New-Zealand/gh-p/auckland-nz,New Zealand,Asia-Pacific,4,95,2023-10-25
https://community.alteryx.com/t5/Sydney-Australia/gh-p/sydney-aus,"Sydney, Australia",Asia-Pacific,2,322,2023-10-25
https://community.alteryx.com/t5/Tokyo-Japan-%E6%97%A5%E6%9C%AC%E8%AA%9E/gh-p/Tokyo-Japan,"Tokyo, Japan - ???",Asia-Pacific,3,152,2023-10-25
https://community.alteryx.com/t5/Atlanta-GA/gh-p/atlanta,"Atlanta, GA",Americas,4,435,2024-01-13
https://community.alteryx.com/t5/Austin-TX/gh-p/austin-tx,"Austin, TX",Americas,3,235,2024-01-13
https://community.alteryx.com/t5/Boston-MA-New-England/gh-p/boston,"Boston, MA (New England)",Americas,3,336,2024-01-13
https://community.alteryx.com/t5/Charlotte-NC/gh-p/charlotte-greensboro,"Charlotte, NC",Americas,6,257,2024-01-13
https://community.alteryx.com/t5/Connecticut-CT/gh-p/ct-centralma-ri,"Connecticut, CT",Americas,2,44,2024-01-13
https://community.alteryx.com/t5/Dallas-Ft-Worth-TX/gh-p/dallas-ftworth,"Dallas-Ft. Worth, TX",Americas,2,833,2024-01-13
https://community.alteryx.com/t5/Denver-CO/gh-p/denver,"Denver, CO",Americas,4,449,2024-01-13
https://community.alteryx.com/t5/Grand-Rapids-MI/gh-p/Grand-Rapids-MI,"Grand Rapids, MI",Americas,2,107,2024-01-13
https://community.alteryx.com/t5/Houston-TX/gh-p/Houston-TX,"Houston, TX",Americas,6,195,2024-01-13
https://community.alteryx.com/t5/Indianapolis-IN/gh-p/indianapolis-in,"Indianapolis, IN",Americas,3,250,2024-01-13
https://community.alteryx.com/t5/Jacksonville-FL/gh-p/Jacksonville-FL,"Jacksonville, FL",Americas,1,114,2024-01-13
https://community.alteryx.com/t5/Kansas-City-MO/gh-p/kansas,"Kansas City, MO",Americas,3,190,2024-01-13
https://community.alteryx.com/t5/Milwaukee-WI/gh-p/milwaukee-wi,"Milwaukee, WI",Americas,5,151,2024-01-13
https://community.alteryx.com/t5/LATAM/gh-p/LATAM,LATAM,Americas,3,87,2024-01-13
https://community.alteryx.com/t5/Nashville-TN/gh-p/nashville,"Nashville, TN",Americas,1,64,2024-01-13
https://community.alteryx.com/t5/New-Jersey-NJ/gh-p/newark-nj,"New Jersey, NJ",Americas,1,306,2024-01-13
https://community.alteryx.com/t5/New-York-City-NY/gh-p/nyc-metro,"New York City, NY",Americas,4,583,2024-01-13
https://community.alteryx.com/t5/Oklahoma/gh-p/oklahoma,Oklahoma,Americas,5,10,2024-01-13
https://community.alteryx.com/t5/Orange-County-CA/gh-p/southern-california,"Orange County, CA",Americas,3,349,2024-01-13
https://community.alteryx.com/t5/Phoenix-AZ/gh-p/phoenix,"Phoenix, AZ",Americas,4,169,2024-01-13
https://community.alteryx.com/t5/Research-Triangle-NC/gh-p/raleigh-durham,"Research Triangle, NC",Americas,3,171,2024-01-13
https://community.alteryx.com/t5/Richmond-VA/gh-p/richmond,"Richmond, VA",Americas,2,97,2024-01-13
https://community.alteryx.com/t5/San-Francisco-Bay-Area-CA/gh-p/sanfrancisco-bay-area,"San Francisco Bay Area, CA",Americas,3,176,2024-01-13
https://community.alteryx.com/t5/Sao-Paulo-BR-Portugues/gh-p/brazil,"S�o Paulo, BR - Portugu�s",Americas,3,370,2024-01-13
https://community.alteryx.com/t5/Toronto-ON/gh-p/toronto-on,"Toronto, ON",Americas,2,272,2024-01-13
https://community.alteryx.com/t5/Twin-Cities-MN/gh-p/twin-cities,"Twin Cities, MN",Americas,2,257,2024-01-13
https://community.alteryx.com/t5/Washington-DC/gh-p/washington-dc,"Washington, DC",Americas,2,265,2024-01-13
https://community.alteryx.com/t5/Coventry-Northampton-UK/gh-p/Northampton-UK,"Coventry-Northampton, UK","Europe, Middle East, Africa",2,108,2024-01-13
https://community.alteryx.com/t5/DACH-Germany/gh-p/Munich-DE,DACH - Germany,"Europe, Middle East, Africa",2,156,2024-01-13
https://community.alteryx.com/t5/Dublin-IRL/gh-p/ireland,"Dublin, IRL","Europe, Middle East, Africa",3,211,2024-01-13
https://community.alteryx.com/t5/Madrid/gh-p/Madrid,Madrid,"Europe, Middle East, Africa",2,20,2024-01-13
https://community.alteryx.com/t5/London-UK/gh-p/uk,"London, UK","Europe, Middle East, Africa",3,708,2024-01-13
https://community.alteryx.com/t5/North-East-UK/gh-p/NorthEastUK,"North East, UK","Europe, Middle East, Africa",4,88,2024-01-13
https://community.alteryx.com/t5/North-West-UK/gh-p/Noth-West-UK,"North West, UK","Europe, Middle East, Africa",2,27,2024-01-13
https://community.alteryx.com/t5/Paris-FR-Francais/gh-p/paris,"Paris, FR - Fran�ais","Europe, Middle East, Africa",3,235,2024-01-13
https://community.alteryx.com/t5/Poland/gh-p/Poland,Poland,"Europe, Middle East, Africa",4,69,2024-01-13
https://community.alteryx.com/t5/Prague-CZE/gh-p/Prague-CZE,Prague-CZE,"Europe, Middle East, Africa",2,79,2024-01-13
https://community.alteryx.com/t5/The-Netherlands/gh-p/netherlands,The Netherlands,"Europe, Middle East, Africa",5,169,2024-01-13
https://community.alteryx.com/t5/Bengaluru-IN/gh-p/Bangalore-IN,"Bengaluru, IN",Asia-Pacific,3,1533,2024-01-13
https://community.alteryx.com/t5/Hong-Kong-CN/gh-p/hongkong,"Hong Kong, CN",Asia-Pacific,3,113,2024-01-13
https://community.alteryx.com/t5/Mumbai-IN/gh-p/Mumbai-IN,"Mumbai, IN",Asia-Pacific,3,417,2024-01-13
https://community.alteryx.com/t5/Sydney-Australia/gh-p/sydney-aus,"Sydney, Australia",Asia-Pacific,2,331,2024-01-13
https://community.alteryx.com/t5/New-Zealand/gh-p/auckland-nz,New Zealand,Asia-Pacific,4,107,2024-01-13
https://community.alteryx.com/t5/Tokyo-Japan-%E6%97%A5%E6%9C%AC%E8%AA%9E/gh-p/Tokyo-Japan,"Tokyo, Japan - ???",Asia-Pacific,3,157,2024-01-13
https://community.alteryx.com/t5/Atlanta-GA/gh-p/atlanta,"Atlanta, GA",Americas,4,445,2024-04-07
https://community.alteryx.com/t5/Austin-TX/gh-p/austin-tx,"Austin, TX",Americas,3,243,2024-04-07
https://community.alteryx.com/t5/Boston-MA-New-England/gh-p/boston,"Boston, MA (New England)",Americas,3,342,2024-04-07
https://community.alteryx.com/t5/Charlotte-NC/gh-p/charlotte-greensboro,"Charlotte, NC",Americas,6,266,2024-04-07
https://community.alteryx.com/t5/Connecticut-CT/gh-p/ct-centralma-ri,"Connecticut, CT",Americas,2,46,2024-04-07
https://community.alteryx.com/t5/Dallas-Ft-Worth-TX/gh-p/dallas-ftworth,"Dallas-Ft. Worth, TX",Americas,2,860,2024-04-07
https://community.alteryx.com/t5/Denver-CO/gh-p/denver,"Denver, CO",Americas,4,454,2024-04-07
https://community.alteryx.com/t5/Grand-Rapids-MI/gh-p/Grand-Rapids-MI,"Grand Rapids, MI",Americas,2,109,2024-04-07
https://community.alteryx.com/t5/Houston-TX/gh-p/Houston-TX,"Houston, TX",Americas,6,214,2024-04-07
https://community.alteryx.com/t5/Indianapolis-IN/gh-p/indianapolis-in,"Indianapolis, IN",Americas,3,256,2024-04-07
https://community.alteryx.com/t5/Jacksonville-FL/gh-p/Jacksonville-FL,"Jacksonville, FL",Americas,1,115,2024-04-07
https://community.alteryx.com/t5/Kansas-City-MO/gh-p/kansas,"Kansas City, MO",Americas,3,195,2024-04-07
https://community.alteryx.com/t5/LATAM/gh-p/LATAM,LATAM,Americas,3,95,2024-04-07
https://community.alteryx.com/t5/Milwaukee-WI/gh-p/milwaukee-wi,"Milwaukee, WI",Americas,2,153,2024-04-07
https://community.alteryx.com/t5/Nashville-TN/gh-p/nashville,"Nashville, TN",Americas,1,70,2024-04-07
https://community.alteryx.com/t5/New-Jersey-NJ/gh-p/newark-nj,"New Jersey, NJ",Americas,1,322,2024-04-07
https://community.alteryx.com/t5/New-York-City-NY/gh-p/nyc-metro,"New York City, NY",Americas,4,602,2024-04-07
https://community.alteryx.com/t5/Oklahoma/gh-p/oklahoma,Oklahoma,Americas,5,24,2024-04-07
https://community.alteryx.com/t5/Orange-County-CA/gh-p/southern-california,"Orange County, CA",Americas,3,366,2024-04-07
https://community.alteryx.com/t5/Phoenix-AZ/gh-p/phoenix,"Phoenix, AZ",Americas,4,175,2024-04-07
https://community.alteryx.com/t5/Research-Triangle-NC/gh-p/raleigh-durham,"Research Triangle, NC",Americas,3,181,2024-04-07
https://community.alteryx.com/t5/Richmond-VA/gh-p/richmond,"Richmond, VA",Americas,3,113,2024-04-07
https://community.alteryx.com/t5/San-Francisco-Bay-Area-CA/gh-p/sanfrancisco-bay-area,"San Francisco Bay Area, CA",Americas,3,183,2024-04-07
https://community.alteryx.com/t5/Sao-Paulo-BR-Portugues/gh-p/brazil,"S�o Paulo, BR - Portugu�s",Americas,4,386,2024-04-07
https://community.alteryx.com/t5/Toronto-ON/gh-p/toronto-on,"Toronto, ON",Americas,2,279,2024-04-07
https://community.alteryx.com/t5/Twin-Cities-MN/gh-p/twin-cities,"Twin Cities, MN",Americas,3,263,2024-04-07
https://community.alteryx.com/t5/Washington-DC/gh-p/washington-dc,"Washington, DC",Americas,2,276,2024-04-07
https://community.alteryx.com/t5/DACH-Germany-Austria-Switzerland/gh-p/Munich-DE,"DACH - Germany, Austria, Switzerland","Europe, Middle East, Africa",2,160,2024-04-07
https://community.alteryx.com/t5/Dublin-IRL/gh-p/ireland,"Dublin, IRL","Europe, Middle East, Africa",2,215,2024-04-07
https://community.alteryx.com/t5/London-UK/gh-p/uk,"London, UK","Europe, Middle East, Africa",3,725,2024-04-07
https://community.alteryx.com/t5/Madrid/gh-p/Madrid,Madrid,"Europe, Middle East, Africa",2,20,2024-04-07
https://community.alteryx.com/t5/North-East-UK/gh-p/NorthEastUK,"North East, UK","Europe, Middle East, Africa",4,96,2024-04-07
https://community.alteryx.com/t5/North-West-UK/gh-p/Noth-West-UK,"North West, UK","Europe, Middle East, Africa",2,34,2024-04-07
https://community.alteryx.com/t5/Paris-FR-Francais/gh-p/paris,"Paris, FR - Fran�ais","Europe, Middle East, Africa",3,241,2024-04-07
https://community.alteryx.com/t5/Poland/gh-p/Poland,Poland,"Europe, Middle East, Africa",4,70,2024-04-07
https://community.alteryx.com/t5/Prague-CZE/gh-p/Prague-CZE,Prague-CZE,"Europe, Middle East, Africa",1,79,2024-04-07
https://community.alteryx.com/t5/The-Netherlands/gh-p/netherlands,The Netherlands,"Europe, Middle East, Africa",5,174,2024-04-07
https://community.alteryx.com/t5/The-Nordics/gh-p/nordics,The Nordics,"Europe, Middle East, Africa",2,10,2024-04-07
https://community.alteryx.com/t5/Bengaluru-IN/gh-p/Bangalore-IN,"Bengaluru, IN",Asia-Pacific,3,1557,2024-04-07
https://community.alteryx.com/t5/Hong-Kong-CN/gh-p/hongkong,"Hong Kong, CN",Asia-Pacific,4,123,2024-04-07
https://community.alteryx.com/t5/Mumbai-IN/gh-p/Mumbai-IN,"Mumbai, IN",Asia-Pacific,2,444,2024-04-07
https://community.alteryx.com/t5/New-Zealand/gh-p/auckland-nz,New Zealand,Asia-Pacific,4,111,2024-04-07
https://community.alteryx.com/t5/Singapore/gh-p/Singapore,Singapore,Asia-Pacific,4,289,2024-04-07
https://community.alteryx.com/t5/Sydney-Australia/gh-p/sydney-aus,"Sydney, Australia",Asia-Pacific,2,342,2024-04-07
https://community.alteryx.com/t5/Tokyo-Japan-%E6%97%A5%E6%9C%AC%E8%AA%9E/gh-p/Tokyo-Japan,"Tokyo, Japan - ???",Asia-Pacific,4,168,2024-04-07
https://community.alteryx.com/t5/Atlanta-GA/gh-p/atlanta,"Atlanta, GA",Americas,3,458,2024-05-20
https://community.alteryx.com/t5/Charlotte-NC/gh-p/charlotte-greensboro,"Charlotte, NC",Americas,5,274,2024-05-20
https://community.alteryx.com/t5/Austin-TX/gh-p/austin-tx,"Austin, TX",Americas,3,248,2024-05-20
https://community.alteryx.com/t5/Boston-MA-New-England/gh-p/boston,"Boston, MA (New England)",Americas,3,345,2024-05-20
https://community.alteryx.com/t5/Dallas-Ft-Worth-TX/gh-p/dallas-ftworth,"Dallas-Ft. Worth, TX",Americas,2,875,2024-05-20
https://community.alteryx.com/t5/Connecticut-CT/gh-p/ct-centralma-ri,"Connecticut, CT",Americas,2,46,2024-05-20
https://community.alteryx.com/t5/Grand-Rapids-MI/gh-p/Grand-Rapids-MI,"Grand Rapids, MI",Americas,1,111,2024-05-20
https://community.alteryx.com/t5/Denver-CO/gh-p/denver,"Denver, CO",Americas,4,455,2024-05-20
https://community.alteryx.com/t5/Houston-TX/gh-p/Houston-TX,"Houston, TX",Americas,6,227,2024-05-20
https://community.alteryx.com/t5/Jacksonville-FL/gh-p/Jacksonville-FL,"Jacksonville, FL",Americas,1,120,2024-05-20
https://community.alteryx.com/t5/Indianapolis-IN/gh-p/indianapolis-in,"Indianapolis, IN",Americas,3,258,2024-05-20
https://community.alteryx.com/t5/Kansas-City-MO/gh-p/kansas,"Kansas City, MO",Americas,3,198,2024-05-20
https://community.alteryx.com/t5/LATAM/gh-p/LATAM,LATAM,Americas,3,97,2024-05-20
https://community.alteryx.com/t5/Nashville-TN/gh-p/nashville,"Nashville, TN",Americas,1,73,2024-05-20
https://community.alteryx.com/t5/Milwaukee-WI/gh-p/milwaukee-wi,"Milwaukee, WI",Americas,2,157,2024-05-20
https://community.alteryx.com/t5/New-Jersey-NJ/gh-p/newark-nj,"New Jersey, NJ",Americas,1,325,2024-05-20
https://community.alteryx.com/t5/Oklahoma/gh-p/oklahoma,Oklahoma,Americas,5,27,2024-05-20
https://community.alteryx.com/t5/New-York-City-NY/gh-p/nyc-metro,"New York City, NY",Americas,4,607,2024-05-20
https://community.alteryx.com/t5/Phoenix-AZ/gh-p/phoenix,"Phoenix, AZ",Americas,4,175,2024-05-20
https://community.alteryx.com/t5/Orange-County-CA/gh-p/southern-california,"Orange County, CA",Americas,3,373,2024-05-20
https://community.alteryx.com/t5/Research-Triangle-NC/gh-p/raleigh-durham,"Research Triangle, NC",Americas,3,189,2024-05-20
https://community.alteryx.com/t5/San-Francisco-Bay-Area-CA/gh-p/sanfrancisco-bay-area,"San Francisco Bay Area, CA",Americas,3,187,2024-05-20
https://community.alteryx.com/t5/Richmond-VA/gh-p/richmond,"Richmond, VA",Americas,3,117,2024-05-20
https://community.alteryx.com/t5/Toronto-ON/gh-p/toronto-on,"Toronto, ON",Americas,2,279,2024-05-20
https://community.alteryx.com/t5/Sao-Paulo-BR-Portugues/gh-p/brazil,"S�o Paulo, BR - Portugu�s",Americas,4,392,2024-05-20
https://community.alteryx.com/t5/Twin-Cities-MN/gh-p/twin-cities,"Twin Cities, MN",Americas,3,268,2024-05-20
https://community.alteryx.com/t5/Washington-DC/gh-p/washington-dc,"Washington, DC",Americas,2,278,2024-05-20
https://community.alteryx.com/t5/DACH-Germany-Austria-Switzerland/gh-p/Munich-DE,"DACH - Germany, Austria, Switzerland","Europe, Middle East, Africa",2,163,2024-05-20
https://community.alteryx.com/t5/Dublin-IRL/gh-p/ireland,"Dublin, IRL","Europe, Middle East, Africa",2,217,2024-05-20
https://community.alteryx.com/t5/London-UK/gh-p/uk,"London, UK","Europe, Middle East, Africa",3,736,2024-05-20
https://community.alteryx.com/t5/Madrid/gh-p/Madrid,Madrid,"Europe, Middle East, Africa",2,21,2024-05-20
https://community.alteryx.com/t5/North-East-UK/gh-p/NorthEastUK,"North East, UK","Europe, Middle East, Africa",4,97,2024-05-20
https://community.alteryx.com/t5/Paris-FR-Francais/gh-p/paris,"Paris, FR - Fran�ais","Europe, Middle East, Africa",3,242,2024-05-20
https://community.alteryx.com/t5/North-West-UK/gh-p/Noth-West-UK,"North West, UK","Europe, Middle East, Africa",2,38,2024-05-20
https://community.alteryx.com/t5/Prague-CZE/gh-p/Prague-CZE,Prague-CZE,"Europe, Middle East, Africa",1,79,2024-05-20
https://community.alteryx.com/t5/Poland/gh-p/Poland,Poland,"Europe, Middle East, Africa",4,72,2024-05-20
https://community.alteryx.com/t5/The-Netherlands/gh-p/netherlands,The Netherlands,"Europe, Middle East, Africa",5,176,2024-05-20
https://community.alteryx.com/t5/The-Nordics/gh-p/nordics,The Nordics,"Europe, Middle East, Africa",2,11,2024-05-20
https://community.alteryx.com/t5/Bengaluru-IN/gh-p/Bangalore-IN,"Bengaluru, IN",Asia-Pacific,3,1567,2024-05-20
https://community.alteryx.com/t5/Mumbai-IN/gh-p/Mumbai-IN,"Mumbai, IN",Asia-Pacific,2,448,2024-05-20
https://community.alteryx.com/t5/Hong-Kong-CN/gh-p/hongkong,"Hong Kong, CN",Asia-Pacific,4,126,2024-05-20
https://community.alteryx.com/t5/New-Zealand/gh-p/auckland-nz,New Zealand,Asia-Pacific,4,112,2024-05-20
https://community.alteryx.com/t5/Singapore/gh-p/Singapore,Singapore,Asia-Pacific,4,293,2024-05-20
https://community.alteryx.com/t5/Sydney-Australia/gh-p/sydney-aus,"Sydney, Australia",Asia-Pacific,2,348,2024-05-20
https://community.alteryx.com/t5/Tokyo-Japan-%E6%97%A5%E6%9C%AC%E8%AA%9E/gh-p/Tokyo-Japan,"Tokyo, Japan - ???",Asia-Pacific,5,170,2024-05-20
https://community.alteryx.com/t5/Atlanta-GA/gh-p/atlanta,"Atlanta, GA",Americas,2,480,2024-08-31
https://community.alteryx.com/t5/Austin-TX/gh-p/austin-tx,"Austin, TX",Americas,3,255,2024-08-31
https://community.alteryx.com/t5/Boston-MA-New-England/gh-p/boston,"Boston, MA (New England)",Americas,2,363,2024-08-31
https://community.alteryx.com/t5/Chicago-IL/gh-p/chicago,"Chicago, IL",Americas,2,288,2024-08-31
https://community.alteryx.com/t5/Charlotte-NC/gh-p/charlotte-greensboro,"Charlotte, NC",Americas,5,285,2024-08-31
https://community.alteryx.com/t5/Connecticut-CT/gh-p/ct-centralma-ri,"Connecticut, CT",Americas,2,51,2024-08-31
https://community.alteryx.com/t5/Dallas-Ft-Worth-TX/gh-p/dallas-ftworth,"Dallas-Ft. Worth, TX",Americas,2,892,2024-08-31
https://community.alteryx.com/t5/Denver-CO/gh-p/denver,"Denver, CO",Americas,4,469,2024-08-31
https://community.alteryx.com/t5/Houston-TX/gh-p/Houston-TX,"Houston, TX",Americas,6,251,2024-08-31
https://community.alteryx.com/t5/Indianapolis-IN/gh-p/indianapolis-in,"Indianapolis, IN",Americas,3,267,2024-08-31
https://community.alteryx.com/t5/Kansas-City-MO/gh-p/kansas,"Kansas City, MO",Americas,3,202,2024-08-31
https://community.alteryx.com/t5/LATAM/gh-p/LATAM,LATAM,Americas,2,110,2024-08-31
https://community.alteryx.com/t5/Milwaukee-WI/gh-p/milwaukee-wi,"Milwaukee, WI",Americas,2,166,2024-08-31
https://community.alteryx.com/t5/New-Jersey-NJ/gh-p/newark-nj,"New Jersey, NJ",Americas,1,338,2024-08-31
https://community.alteryx.com/t5/New-York-City-NY/gh-p/nyc-metro,"New York City, NY",Americas,4,635,2024-08-31
https://community.alteryx.com/t5/Oklahoma-City-OK/gh-p/oklahoma,"Oklahoma City, OK",Americas,5,45,2024-08-31
https://community.alteryx.com/t5/Orange-County-CA/gh-p/southern-california,"Orange County, CA",Americas,3,387,2024-08-31
https://community.alteryx.com/t5/Phoenix-AZ/gh-p/phoenix,"Phoenix, AZ",Americas,3,183,2024-08-31
https://community.alteryx.com/t5/Research-Triangle-NC/gh-p/raleigh-durham,"Research Triangle, NC",Americas,3,195,2024-08-31
https://community.alteryx.com/t5/Richmond-VA/gh-p/richmond,"Richmond, VA",Americas,3,126,2024-08-31
https://community.alteryx.com/t5/Sao-Paulo-BR-Portugues/gh-p/brazil,"S�o Paulo, BR - Portugu�s",Americas,4,413,2024-08-31
https://community.alteryx.com/t5/Seattle-WA/gh-p/seattle,"Seattle, WA",Americas,5,203,2024-08-31
https://community.alteryx.com/t5/Tampa-FL/gh-p/tampa,"Tampa, FL",Americas,4,187,2024-08-31
https://community.alteryx.com/t5/Toronto-ON/gh-p/toronto-on,"Toronto, ON",Americas,2,285,2024-08-31
https://community.alteryx.com/t5/Tulsa-OK/gh-p/tulsa-ok,"Tulsa, OK",Americas,6,13,2024-08-31
https://community.alteryx.com/t5/Twin-Cities-MN/gh-p/twin-cities,"Twin Cities, MN",Americas,3,283,2024-08-31
https://community.alteryx.com/t5/Washington-DC/gh-p/washington-dc,"Washington, DC",Americas,2,291,2024-08-31
https://community.alteryx.com/t5/DACH-Germany-Austria-Switzerland/gh-p/Munich-DE,"DACH - Germany, Austria, Switzerland","Europe, Middle East, Africa",2,171,2024-08-31
https://community.alteryx.com/t5/Dublin-IRL/gh-p/ireland,"Dublin, IRL","Europe, Middle East, Africa",2,227,2024-08-31
https://community.alteryx.com/t5/London-UK/gh-p/uk,"London, UK","Europe, Middle East, Africa",4,765,2024-08-31
https://community.alteryx.com/t5/Madrid/gh-p/Madrid,Madrid,"Europe, Middle East, Africa",2,22,2024-08-31
https://community.alteryx.com/t5/North-East-UK/gh-p/NorthEastUK,"North East, UK","Europe, Middle East, Africa",4,109,2024-08-31
https://community.alteryx.com/t5/North-West-UK/gh-p/Noth-West-UK,"North West, UK","Europe, Middle East, Africa",2,45,2024-08-31
https://community.alteryx.com/t5/Paris-FR-Francais/gh-p/paris,"Paris, FR - Fran�ais","Europe, Middle East, Africa",2,242,2024-08-31
https://community.alteryx.com/t5/Poland/gh-p/Poland,Poland,"Europe, Middle East, Africa",4,77,2024-08-31
https://community.alteryx.com/t5/Prague-CZE/gh-p/Prague-CZE,Prague-CZE,"Europe, Middle East, Africa",1,81,2024-08-31
https://community.alteryx.com/t5/The-Netherlands/gh-p/netherlands,The Netherlands,"Europe, Middle East, Africa",4,184,2024-08-31
https://community.alteryx.com/t5/The-Nordics/gh-p/nordics,The Nordics,"Europe, Middle East, Africa",2,14,2024-08-31
https://community.alteryx.com/t5/Bengaluru-IN/gh-p/Bangalore-IN,"Bengaluru, IN",Asia-Pacific,3,1596,2024-08-31
https://community.alteryx.com/t5/Hong-Kong-CN/gh-p/hongkong,"Hong Kong, CN",Asia-Pacific,4,128,2024-08-31
https://community.alteryx.com/t5/Mumbai-IN/gh-p/Mumbai-IN,"Mumbai, IN",Asia-Pacific,3,477,2024-08-31
https://community.alteryx.com/t5/New-Zealand/gh-p/auckland-nz,New Zealand,Asia-Pacific,3,114,2024-08-31
https://community.alteryx.com/t5/Singapore/gh-p/Singapore,Singapore,Asia-Pacific,4,303,2024-08-31
https://community.alteryx.com/t5/Sydney-Australia/gh-p/sydney-aus,"Sydney, Australia",Asia-Pacific,2,354,2024-08-31
https://community.alteryx.com/t5/Tokyo-Japan-%E6%97%A5%E6%9C%AC%E8%AA%9E/gh-p/Tokyo-Japan,"Tokyo, Japan - ???",Asia-Pacific,5,183,2024-08-31
https://community.alteryx.com/t5/Atlanta-GA/gh-p/atlanta,"Atlanta, GA",Americas,2,489,2024-10-17
https://community.alteryx.com/t5/Austin-TX/gh-p/austin-tx,"Austin, TX",Americas,2,261,2024-10-17
https://community.alteryx.com/t5/Boston-MA-New-England/gh-p/boston,"Boston, MA (New England)",Americas,2,368,2024-10-17
https://community.alteryx.com/t5/Charlotte-NC/gh-p/charlotte-greensboro,"Charlotte, NC",Americas,5,291,2024-10-17
https://community.alteryx.com/t5/Chicago-IL/gh-p/chicago,"Chicago, IL",Americas,2,318,2024-10-17
https://community.alteryx.com/t5/Connecticut-CT/gh-p/ct-centralma-ri,"Connecticut, CT",Americas,2,57,2024-10-17
https://community.alteryx.com/t5/Dallas-Ft-Worth-TX/gh-p/dallas-ftworth,"Dallas-Ft. Worth, TX",Americas,2,909,2024-10-17
https://community.alteryx.com/t5/Denver-CO/gh-p/denver,"Denver, CO",Americas,4,472,2024-10-17
https://community.alteryx.com/t5/Houston-TX/gh-p/Houston-TX,"Houston, TX",Americas,7,261,2024-10-17
https://community.alteryx.com/t5/Indianapolis-IN/gh-p/indianapolis-in,"Indianapolis, IN",Americas,3,272,2024-10-17
https://community.alteryx.com/t5/Kansas-City-MO/gh-p/kansas,"Kansas City, MO",Americas,2,209,2024-10-17
https://community.alteryx.com/t5/LATAM/gh-p/LATAM,LATAM,Americas,2,114,2024-10-17
https://community.alteryx.com/t5/Milwaukee-WI/gh-p/milwaukee-wi,"Milwaukee, WI",Americas,2,169,2024-10-17
https://community.alteryx.com/t5/New-Jersey-NJ/gh-p/newark-nj,"New Jersey, NJ",Americas,1,341,2024-10-17
https://community.alteryx.com/t5/New-York-City-NY/gh-p/nyc-metro,"New York City, NY",Americas,3,648,2024-10-17
https://community.alteryx.com/t5/Oklahoma-City-OK/gh-p/oklahoma,"Oklahoma City, OK",Americas,5,46,2024-10-17
https://community.alteryx.com/t5/Orange-County-CA/gh-p/southern-california,"Orange County, CA",Americas,3,396,2024-10-17
https://community.alteryx.com/t5/Phoenix-AZ/gh-p/phoenix,"Phoenix, AZ",Americas,3,185,2024-10-17
https://community.alteryx.com/t5/Research-Triangle-NC/gh-p/raleigh-durham,"Research Triangle, NC",Americas,3,200,2024-10-17
https://community.alteryx.com/t5/Richmond-VA/gh-p/richmond,"Richmond, VA",Americas,3,130,2024-10-17
https://community.alteryx.com/t5/Sao-Paulo-BR-Portugues/gh-p/brazil,"S�o Paulo, BR - Portugu�s",Americas,4,420,2024-10-17
https://community.alteryx.com/t5/Seattle-WA/gh-p/seattle,"Seattle, WA",Americas,5,217,2024-10-17
https://community.alteryx.com/t5/Tampa-FL/gh-p/tampa,"Tampa, FL",Americas,4,204,2024-10-17
https://community.alteryx.com/t5/Toronto-ON/gh-p/toronto-on,"Toronto, ON",Americas,2,293,2024-10-17
https://community.alteryx.com/t5/Tulsa-OK/gh-p/tulsa-ok,"Tulsa, OK",Americas,5,18,2024-10-17
https://community.alteryx.com/t5/Twin-Cities-MN/gh-p/twin-cities,"Twin Cities, MN",Americas,3,287,2024-10-17
https://community.alteryx.com/t5/Washington-DC/gh-p/washington-dc,"Washington, DC",Americas,4,296,2024-10-17
https://community.alteryx.com/t5/DACH-Germany-Austria-Switzerland/gh-p/Munich-DE,"DACH - Germany, Austria, Switzerland","Europe, Middle East, Africa",2,173,2024-10-17
https://community.alteryx.com/t5/Dublin-IRL/gh-p/ireland,"Dublin, IRL","Europe, Middle East, Africa",2,230,2024-10-17
https://community.alteryx.com/t5/London-UK/gh-p/uk,"London, UK","Europe, Middle East, Africa",4,778,2024-10-17
https://community.alteryx.com/t5/Madrid/gh-p/Madrid,Madrid,"Europe, Middle East, Africa",2,28,2024-10-17
https://community.alteryx.com/t5/North-East-UK/gh-p/NorthEastUK,"North East, UK","Europe, Middle East, Africa",4,110,2024-10-17
https://community.alteryx.com/t5/North-West-UK/gh-p/Noth-West-UK,"North West, UK","Europe, Middle East, Africa",2,46,2024-10-17
https://community.alteryx.com/t5/Paris-FR-Francais/gh-p/paris,"Paris, FR - Fran�ais","Europe, Middle East, Africa",2,245,2024-10-17
https://community.alteryx.com/t5/Poland/gh-p/Poland,Poland,"Europe, Middle East, Africa",4,78,2024-10-17
https://community.alteryx.com/t5/Prague-CZE/gh-p/Prague-CZE,Prague-CZE,"Europe, Middle East, Africa",1,82,2024-10-17
https://community.alteryx.com/t5/The-Netherlands/gh-p/netherlands,The Netherlands,"Europe, Middle East, Africa",4,185,2024-10-17
https://community.alteryx.com/t5/The-Nordics/gh-p/nordics,The Nordics,"Europe, Middle East, Africa",2,17,2024-10-17
https://community.alteryx.com/t5/Bengaluru-IN/gh-p/Bangalore-IN,"Bengaluru, IN",Asia-Pacific,3,1606,2024-10-17
https://community.alteryx.com/t5/Hong-Kong-CN/gh-p/hongkong,"Hong Kong, CN",Asia-Pacific,5,133,2024-10-17
https://community.alteryx.com/t5/Mumbai-IN/gh-p/Mumbai-IN,"Mumbai, IN",Asia-Pacific,3,483,2024-10-17
https://community.alteryx.com/t5/New-Zealand/gh-p/auckland-nz,New Zealand,Asia-Pacific,3,115,2024-10-17
https://community.alteryx.com/t5/Singapore/gh-p/Singapore,Singapore,Asia-Pacific,3,307,2024-10-17
https://community.alteryx.com/t5/Sydney-Australia/gh-p/sydney-aus,"Sydney, Australia",Asia-Pacific,2,359,2024-10-17
https://community.alteryx.com/t5/Tokyo-Japan-%E6%97%A5%E6%9C%AC%E8%AA%9E/gh-p/Tokyo-Japan,"Tokyo, Japan - ???",Asia-Pacific,5,188,2024-10-17
https://community.alteryx.com/t5/Atlanta-GA/gh-p/atlanta,"Atlanta, GA",Americas,2,499,2025-01-09
https://community.alteryx.com/t5/Austin-TX/gh-p/austin-tx,"Austin, TX",Americas,2,263,2025-01-09
https://community.alteryx.com/t5/Boston-MA-New-England/gh-p/boston,"Boston, MA (New England)",Americas,2,374,2025-01-09
https://community.alteryx.com/t5/Charlotte-NC/gh-p/charlotte-greensboro,"Charlotte, NC",Americas,4,300,2025-01-09
https://community.alteryx.com/t5/Chicago-IL/gh-p/chicago,"Chicago, IL",Americas,4,336,2025-01-09
https://community.alteryx.com/t5/Connecticut-CT/gh-p/ct-centralma-ri,"Connecticut, CT",Americas,2,62,2025-01-09
https://community.alteryx.com/t5/Dallas-Ft-Worth-TX/gh-p/dallas-ftworth,"Dallas-Ft. Worth, TX",Americas,2,921,2025-01-09
https://community.alteryx.com/t5/Denver-CO/gh-p/denver,"Denver, CO",Americas,4,474,2025-01-09
https://community.alteryx.com/t5/Houston-TX/gh-p/Houston-TX,"Houston, TX",Americas,7,269,2025-01-09
https://community.alteryx.com/t5/Indianapolis-IN/gh-p/indianapolis-in,"Indianapolis, IN",Americas,3,276,2025-01-09
https://community.alteryx.com/t5/Kansas-City-MO/gh-p/kansas,"Kansas City, MO",Americas,2,211,2025-01-09
https://community.alteryx.com/t5/LATAM/gh-p/LATAM,LATAM,Americas,2,124,2025-01-09
https://community.alteryx.com/t5/Milwaukee-WI/gh-p/milwaukee-wi,"Milwaukee, WI",Americas,2,170,2025-01-09
https://community.alteryx.com/t5/New-Jersey-NJ/gh-p/newark-nj,"New Jersey, NJ",Americas,1,344,2025-01-09
https://community.alteryx.com/t5/New-York-City-NY/gh-p/nyc-metro,"New York City, NY",Americas,3,661,2025-01-09
https://community.alteryx.com/t5/Oklahoma-City-OK/gh-p/oklahoma,"Oklahoma City, OK",Americas,5,48,2025-01-09
https://community.alteryx.com/t5/Orange-County-CA/gh-p/southern-california,"Orange County, CA",Americas,2,400,2025-01-09
https://community.alteryx.com/t5/Phoenix-AZ/gh-p/phoenix,"Phoenix, AZ",Americas,3,189,2025-01-09
https://community.alteryx.com/t5/Research-Triangle-NC/gh-p/raleigh-durham,"Research Triangle, NC",Americas,3,207,2025-01-09
https://community.alteryx.com/t5/Richmond-VA/gh-p/richmond,"Richmond, VA",Americas,3,134,2025-01-09
https://community.alteryx.com/t5/Sao-Paulo-BR-Portugues/gh-p/brazil,"S�o Paulo, BR - Portugu�s",Americas,4,426,2025-01-09
https://community.alteryx.com/t5/Seattle-WA/gh-p/seattle,"Seattle, WA",Americas,5,223,2025-01-09
https://community.alteryx.com/t5/Tampa-FL/gh-p/tampa,"Tampa, FL",Americas,4,215,2025-01-09
https://community.alteryx.com/t5/Toronto-ON/gh-p/toronto-on,"Toronto, ON",Americas,2,296,2025-01-09
https://community.alteryx.com/t5/Tulsa-OK/gh-p/tulsa-ok,"Tulsa, OK",Americas,3,26,2025-01-09
https://community.alteryx.com/t5/Twin-Cities-MN/gh-p/twin-cities,"Twin Cities, MN",Americas,3,291,2025-01-09
https://community.alteryx.com/t5/Washington-DC/gh-p/washington-dc,"Washington, DC",Americas,4,298,2025-01-09
https://community.alteryx.com/t5/Central-Europe/gh-p/Poland,Central Europe,"Europe, Middle East, Africa",4,81,2025-01-09
https://community.alteryx.com/t5/DACH-Germany-Austria-Switzerland/gh-p/Munich-DE,"DACH - Germany, Austria, Switzerland","Europe, Middle East, Africa",2,181,2025-01-09
https://community.alteryx.com/t5/Dublin-IRL/gh-p/ireland,"Dublin, IRL","Europe, Middle East, Africa",2,234,2025-01-09
https://community.alteryx.com/t5/London-UK/gh-p/uk,"London, UK","Europe, Middle East, Africa",4,788,2025-01-09
https://community.alteryx.com/t5/Madrid/gh-p/Madrid,Madrid,"Europe, Middle East, Africa",2,30,2025-01-09
https://community.alteryx.com/t5/North-East-UK/gh-p/NorthEastUK,"North East, UK","Europe, Middle East, Africa",4,119,2025-01-09
https://community.alteryx.com/t5/North-West-UK/gh-p/Noth-West-UK,"North West, UK","Europe, Middle East, Africa",2,50,2025-01-09
https://community.alteryx.com/t5/Paris-FR-Francais/gh-p/paris,"Paris, FR - Fran�ais","Europe, Middle East, Africa",1,251,2025-01-09
https://community.alteryx.com/t5/Prague-CZE/gh-p/Prague-CZE,Prague-CZE,"Europe, Middle East, Africa",1,85,2025-01-09
https://community.alteryx.com/t5/The-Netherlands/gh-p/netherlands,The Netherlands,"Europe, Middle East, Africa",4,194,2025-01-09
https://community.alteryx.com/t5/The-Nordics/gh-p/nordics,The Nordics,"Europe, Middle East, Africa",2,23,2025-01-09
https://community.alteryx.com/t5/Bengaluru-IN/gh-p/Bangalore-IN,"Bengaluru, IN",Asia-Pacific,3,1624,2025-01-09
https://community.alteryx.com/t5/Hong-Kong-CN/gh-p/hongkong,"Hong Kong, CN",Asia-Pacific,5,137,2025-01-09
https://community.alteryx.com/t5/Mumbai-IN/gh-p/Mumbai-IN,"Mumbai, IN",Asia-Pacific,3,489,2025-01-09
https://community.alteryx.com/t5/New-Zealand/gh-p/auckland-nz,New Zealand,Asia-Pacific,3,117,2025-01-09
https://community.alteryx.com/t5/Singapore/gh-p/Singapore,Singapore,Asia-Pacific,3,309,2025-01-09
https://community.alteryx.com/t5/Sydney-Australia/gh-p/sydney-aus,"Sydney, Australia",Asia-Pacific,2,371,2025-01-09
https://community.alteryx.com/t5/Tokyo-Japan-%E6%97%A5%E6%9C%AC%E8%AA%9E/gh-p/Tokyo-Japan,"Tokyo, Japan - ???",Asia-Pacific,5,195,2025-01-09
https://community.alteryx.com/t5/Atlanta-GA/gh-p/atlanta,"Atlanta, GA",Americas,2,499,2025-01-24
https://community.alteryx.com/t5/Austin-TX/gh-p/austin-tx,"Austin, TX",Americas,1,264,2025-01-24
https://community.alteryx.com/t5/Boston-MA-New-England/gh-p/boston,"Boston, MA (New England)",Americas,2,376,2025-01-24
https://community.alteryx.com/t5/Charlotte-NC/gh-p/charlotte-greensboro,"Charlotte, NC",Americas,4,300,2025-01-24
https://community.alteryx.com/t5/Chicago-IL/gh-p/chicago,"Chicago, IL",Americas,4,336,2025-01-24
https://community.alteryx.com/t5/Connecticut-CT/gh-p/ct-centralma-ri,"Connecticut, CT",Americas,2,63,2025-01-24
https://community.alteryx.com/t5/Dallas-Ft-Worth-TX/gh-p/dallas-ftworth,"Dallas-Ft. Worth, TX",Americas,2,923,2025-01-24
https://community.alteryx.com/t5/Denver-CO/gh-p/denver,"Denver, CO",Americas,4,474,2025-01-24
https://community.alteryx.com/t5/Houston-TX/gh-p/Houston-TX,"Houston, TX",Americas,7,270,2025-01-24
https://community.alteryx.com/t5/Indianapolis-IN/gh-p/indianapolis-in,"Indianapolis, IN",Americas,3,276,2025-01-24
https://community.alteryx.com/t5/Kansas-City-MO/gh-p/kansas,"Kansas City, MO",Americas,2,211,2025-01-24
https://community.alteryx.com/t5/LATAM/gh-p/LATAM,LATAM,Americas,2,126,2025-01-24
https://community.alteryx.com/t5/Milwaukee-WI/gh-p/milwaukee-wi,"Milwaukee, WI",Americas,2,171,2025-01-24
https://community.alteryx.com/t5/New-Jersey-NJ/gh-p/newark-nj,"New Jersey, NJ",Americas,1,345,2025-01-24
https://community.alteryx.com/t5/New-York-City-NY/gh-p/nyc-metro,"New York City, NY",Americas,3,663,2025-01-24
https://community.alteryx.com/t5/Oklahoma-City-OK/gh-p/oklahoma,"Oklahoma City, OK",Americas,5,48,2025-01-24
https://community.alteryx.com/t5/Orange-County-CA/gh-p/southern-california,"Orange County, CA",Americas,2,402,2025-01-24
https://community.alteryx.com/t5/Phoenix-AZ/gh-p/phoenix,"Phoenix, AZ",Americas,3,190,2025-01-24
https://community.alteryx.com/t5/Research-Triangle-NC/gh-p/raleigh-durham,"Research Triangle, NC",Americas,3,207,2025-01-24
https://community.alteryx.com/t5/Richmond-VA/gh-p/richmond,"Richmond, VA",Americas,3,134,2025-01-24
https://community.alteryx.com/t5/Sao-Paulo-BR-Portugues/gh-p/brazil,"S�o Paulo, BR - Portugu�s",Americas,2,431,2025-01-24
https://community.alteryx.com/t5/Seattle-WA/gh-p/seattle,"Seattle, WA",Americas,5,225,2025-01-24
https://community.alteryx.com/t5/Tampa-FL/gh-p/tampa,"Tampa, FL",Americas,4,220,2025-01-24
https://community.alteryx.com/t5/Toronto-ON/gh-p/toronto-on,"Toronto, ON",Americas,2,296,2025-01-24
https://community.alteryx.com/t5/Tulsa-OK/gh-p/tulsa-ok,"Tulsa, OK",Americas,3,26,2025-01-24
https://community.alteryx.com/t5/Twin-Cities-MN/gh-p/twin-cities,"Twin Cities, MN",Americas,3,292,2025-01-24
https://community.alteryx.com/t5/Washington-DC/gh-p/washington-dc,"Washington, DC",Americas,4,299,2025-01-24
https://community.alteryx.com/t5/Central-Europe/gh-p/Poland,Central Europe,"Europe, Middle East, Africa",4,81,2025-01-24
https://community.alteryx.com/t5/DACH-Germany-Austria-Switzerland/gh-p/Munich-DE,"DACH - Germany, Austria, Switzerland","Europe, Middle East, Africa",2,181,2025-01-24
https://community.alteryx.com/t5/London-UK/gh-p/uk,"London, UK","Europe, Middle East, Africa",4,790,2025-01-24
https://community.alteryx.com/t5/Madrid/gh-p/Madrid,Madrid,"Europe, Middle East, Africa",2,30,2025-01-24
https://community.alteryx.com/t5/Dublin-IRL/gh-p/ireland,"Dublin, IRL","Europe, Middle East, Africa",2,236,2025-01-24
https://community.alteryx.com/t5/North-West-UK/gh-p/Noth-West-UK,"North West, UK","Europe, Middle East, Africa",4,50,2025-01-24
https://community.alteryx.com/t5/North-East-UK/gh-p/NorthEastUK,"North East, UK","Europe, Middle East, Africa",4,119,2025-01-24
https://community.alteryx.com/t5/Paris-FR-Francais/gh-p/paris,"Paris, FR - Fran�ais","Europe, Middle East, Africa",1,251,2025-01-24
https://community.alteryx.com/t5/Prague-CZE/gh-p/Prague-CZE,Prague-CZE,"Europe, Middle East, Africa",1,85,2025-01-24
https://community.alteryx.com/t5/The-Netherlands/gh-p/netherlands,The Netherlands,"Europe, Middle East, Africa",4,196,2025-01-24
https://community.alteryx.com/t5/The-Nordics/gh-p/nordics,The Nordics,"Europe, Middle East, Africa",2,23,2025-01-24
https://community.alteryx.com/t5/Bengaluru-IN/gh-p/Bangalore-IN,"Bengaluru, IN",Asia-Pacific,3,1628,2025-01-24
https://community.alteryx.com/t5/Hong-Kong-CN/gh-p/hongkong,"Hong Kong, CN",Asia-Pacific,5,137,2025-01-24
https://community.alteryx.com/t5/Mumbai-IN/gh-p/Mumbai-IN,"Mumbai, IN",Asia-Pacific,3,491,2025-01-24
https://community.alteryx.com/t5/New-Zealand/gh-p/auckland-nz,New Zealand,Asia-Pacific,3,117,2025-01-24
https://community.alteryx.com/t5/Singapore/gh-p/Singapore,Singapore,Asia-Pacific,3,310,2025-01-24
https://community.alteryx.com/t5/Sydney-Australia/gh-p/sydney-aus,"Sydney, Australia",Asia-Pacific,2,371,2025-01-24
https://community.alteryx.com/t5/Tokyo-Japan-%E6%97%A5%E6%9C%AC%E8%AA%9E/gh-p/Tokyo-Japan,"Tokyo, Japan - ???",Asia-Pacific,5,196,2025-01-24
https://community.alteryx.com/t5/Atlanta-GA/gh-p/atlanta,"Atlanta, GA",Americas,2,508,2025-03-29
https://community.alteryx.com/t5/Boston-MA-New-England/gh-p/boston,"Boston, MA (New England)",Americas,2,383,2025-03-29
https://community.alteryx.com/t5/Charlotte-NC/gh-p/charlotte-greensboro,"Charlotte, NC",Americas,5,310,2025-03-29
https://community.alteryx.com/t5/Chicago-IL/gh-p/chicago,"Chicago, IL",Americas,4,349,2025-03-29
https://community.alteryx.com/t5/Dallas-Ft-Worth-TX/gh-p/dallas-ftworth,"Dallas-Ft. Worth, TX",Americas,2,932,2025-03-29
https://community.alteryx.com/t5/Denver-CO/gh-p/denver,"Denver, CO",Americas,4,479,2025-03-29
https://community.alteryx.com/t5/Houston-TX/gh-p/Houston-TX,"Houston, TX",Americas,7,285,2025-03-29
https://community.alteryx.com/t5/Indianapolis-IN/gh-p/indianapolis-in,"Indianapolis, IN",Americas,3,278,2025-03-29
https://community.alteryx.com/t5/Kansas-City-MO/gh-p/kansas,"Kansas City, MO",Americas,2,215,2025-03-29
https://community.alteryx.com/t5/LATAM/gh-p/LATAM,LATAM,Americas,2,134,2025-03-29
https://community.alteryx.com/t5/Milwaukee-WI/gh-p/milwaukee-wi,"Milwaukee, WI",Americas,2,174,2025-03-29
https://community.alteryx.com/t5/New-Jersey-NJ/gh-p/newark-nj,"New Jersey, NJ",Americas,1,354,2025-03-29
https://community.alteryx.com/t5/New-York-City-NY/gh-p/nyc-metro,"New York City, NY",Americas,3,676,2025-03-29
https://community.alteryx.com/t5/Oklahoma-City-OK/gh-p/oklahoma,"Oklahoma City, OK",Americas,6,50,2025-03-29
https://community.alteryx.com/t5/Orange-County-CA/gh-p/southern-california,"Orange County, CA",Americas,2,408,2025-03-29
https://community.alteryx.com/t5/Phoenix-AZ/gh-p/phoenix,"Phoenix, AZ",Americas,1,193,2025-03-29
https://community.alteryx.com/t5/Research-Triangle-NC/gh-p/raleigh-durham,"Research Triangle, NC",Americas,2,213,2025-03-29
https://community.alteryx.com/t5/Richmond-VA/gh-p/richmond,"Richmond, VA",Americas,3,141,2025-03-29
https://community.alteryx.com/t5/Sao-Paulo-BR-Portugues/gh-p/brazil,"S�o Paulo, BR - Portugu�s",Americas,3,444,2025-03-29
https://community.alteryx.com/t5/Seattle-WA/gh-p/seattle,"Seattle, WA",Americas,6,241,2025-03-29
https://community.alteryx.com/t5/Tampa-FL/gh-p/tampa,"Tampa, FL",Americas,4,227,2025-03-29
https://community.alteryx.com/t5/Tulsa-OK/gh-p/tulsa-ok,"Tulsa, OK",Americas,3,27,2025-03-29
https://community.alteryx.com/t5/Twin-Cities-MN/gh-p/twin-cities,"Twin Cities, MN",Americas,4,294,2025-03-29
https://community.alteryx.com/t5/Washington-DC/gh-p/washington-dc,"Washington, DC",Americas,4,300,2025-03-29
https://community.alteryx.com/t5/Central-Europe/gh-p/Poland,Central Europe,"Europe, Middle East, Africa",4,90,2025-03-29
https://community.alteryx.com/t5/DACH-Germany-Austria-Switzerland/gh-p/Munich-DE,"DACH - Germany, Austria, Switzerland","Europe, Middle East, Africa",2,184,2025-03-29
https://community.alteryx.com/t5/Dublin-IRL/gh-p/ireland,"Dublin, IRL","Europe, Middle East, Africa",2,239,2025-03-29
https://community.alteryx.com/t5/London-UK/gh-p/uk,"London, UK","Europe, Middle East, Africa",4,803,2025-03-29
https://community.alteryx.com/t5/North-East-UK/gh-p/NorthEastUK,"North East, UK","Europe, Middle East, Africa",4,125,2025-03-29
https://community.alteryx.com/t5/North-West-UK/gh-p/Noth-West-UK,"North West, UK","Europe, Middle East, Africa",4,53,2025-03-29
https://community.alteryx.com/t5/Paris-FR-Francais/gh-p/paris,"Paris, FR - Fran�ais","Europe, Middle East, Africa",2,258,2025-03-29
https://community.alteryx.com/t5/The-Netherlands/gh-p/netherlands,The Netherlands,"Europe, Middle East, Africa",3,198,2025-03-29
https://community.alteryx.com/t5/The-Nordics/gh-p/nordics,The Nordics,"Europe, Middle East, Africa",1,28,2025-03-29
https://community.alteryx.com/t5/Bengaluru-IN/gh-p/Bangalore-IN,"Bengaluru, IN",Asia-Pacific,3,1645,2025-03-29
https://community.alteryx.com/t5/Hong-Kong-CN/gh-p/hongkong,"Hong Kong, CN",Asia-Pacific,5,139,2025-03-29
https://community.alteryx.com/t5/Mumbai-IN/gh-p/Mumbai-IN,"Mumbai, IN",Asia-Pacific,3,500,2025-03-29
https://community.alteryx.com/t5/Singapore/gh-p/Singapore,Singapore,Asia-Pacific,3,313,2025-03-29
https://community.alteryx.com/t5/Sydney-Australia/gh-p/sydney-aus,"Sydney, Australia",Asia-Pacific,2,377,2025-03-29
https://community.alteryx.com/t5/Tokyo-Japan-%E6%97%A5%E6%9C%AC%E8%AA%9E/gh-p/Tokyo-Japan,"Tokyo, Japan - ???",Asia-Pacific,6,199,2025-03-29
